Recipe,Ingredient,Ingredint Category,Ingredint Index
Maltese kapunata                                  ,eggplant,,
Maltese kapunata                                  ,salt,,
Maltese kapunata                                  ,olive_oil,plant derivative,998.0
Maltese kapunata                                  ,onion,vegetable,1447.0
Maltese kapunata                                  ,garlic,vegetable,136.0
Maltese kapunata                                  ,green_bell_pepper,vegetable,1114.0
Maltese kapunata                                  ,carrot,vegetable,1216.0
Maltese kapunata                                  ,tomato,vegetable,1240.0
Maltese kapunata                                  ,celery_salt,,
Maltese kapunata                                  ,tomato,vegetable,1240.0
Maltese kapunata                                  ,caper,,
Maltese kapunata                                  ,black_olive,,
Maltese kapunata                                  ,thyme,herb,675.0
Maltese kapunata                                  ,basil,herb,256.0
Maltese kapunata                                  ,oregano,herb,1382.0
Maltese kapunata                                  ,red_wine_vinegar,,
Maltese kapunata                                  ,sugar,,
Maltese kapunata                                  ,pepper,spice,1471.0
Maltese baked ricotta pie                                  ,corn_flour,,
Maltese baked ricotta pie                                  ,salt,,
Maltese baked ricotta pie                                  ,water,,
Maltese baked ricotta pie                                  ,butter,dairy,298.0
Maltese baked ricotta pie                                  ,olive_oil,plant derivative,998.0
Maltese baked ricotta pie                                  ,onion,vegetable,1447.0
Maltese baked ricotta pie                                  ,garlic,vegetable,136.0
Maltese baked ricotta pie                                  ,zucchini,vegetable,1080.0
Maltese baked ricotta pie                                  ,pumpkin,vegetable,575.0
Maltese baked ricotta pie                                  ,green_pepper,,
Maltese baked ricotta pie                                  ,parsley,herb,251.0
Maltese baked ricotta pie                                  ,mint,herb,166.0
Maltese baked ricotta pie                                  ,egg,animal product,848.0
Maltese baked ricotta pie                                  ,ricotta,,
Maltese baked ricotta pie                                  ,pepper,spice,1471.0
Maltese-style bruschetta (hobż biż-żejt)                                  ,goiaba,,
Maltese-style bruschetta (hobż biż-żejt)                                  ,tomato,vegetable,1240.0
Maltese-style bruschetta (hobż biż-żejt)                                  ,olive_oil,plant derivative,998.0
Maltese-style bruschetta (hobż biż-żejt)                                  ,olive_oil,plant derivative,998.0
Maltese-style bruschetta (hobż biż-żejt)                                  ,anchova,,
Maltese-style bruschetta (hobż biż-żejt)                                  ,black_olive,,
Maltese-style bruschetta (hobż biż-żejt)                                  ,red_onion,,
Maltese-style bruschetta (hobż biż-żejt)                                  ,ricotta,,
Maltese-style bruschetta (hobż biż-żejt)                                  ,caper,,
Maltese-style bruschetta (hobż biż-żejt)                                  ,parsley,herb,251.0
Maltese-style bruschetta (hobż biż-żejt)                                  ,pepper,spice,1471.0
Maltese-style bruschetta (hobż biż-żejt)                                  ,olive_oil,plant derivative,998.0
Maltese-style bruschetta (hobż biż-żejt)                                  ,anise,spice,707.0
Maltese-style bruschetta (hobż biż-żejt)                                  ,cinnamon,spice,439.0
Maltese-style bruschetta (hobż biż-żejt)                                  ,green_leaves,,
Maltese-style bruschetta (hobż biż-żejt)                                  ,thyme,herb,675.0
Maltese-style bruschetta (hobż biż-żejt)                                  ,white_pepper,,
Maltese-style bruschetta (hobż biż-żejt)                                  ,salt,,
Maltese-style bruschetta (hobż biż-żejt)                                  ,lemon,fruit,1132.0
Maltese-style bruschetta (hobż biż-żejt)                                  ,orange,fruit,1257.0
Maltese-style bruschetta (hobż biż-żejt)                                  ,fresh_cheese,,
Maltese rabbit stew (stuffat tal-fenek)                                  ,rabbit,,
Maltese rabbit stew (stuffat tal-fenek)                                  ,pepper,spice,1471.0
Maltese rabbit stew (stuffat tal-fenek)                                  ,corn_flour,,
Maltese rabbit stew (stuffat tal-fenek)                                  ,vegetable_broth,,
Maltese rabbit stew (stuffat tal-fenek)                                  ,onion,vegetable,1447.0
Maltese rabbit stew (stuffat tal-fenek)                                  ,garlic,vegetable,136.0
Maltese rabbit stew (stuffat tal-fenek)                                  ,tomato,vegetable,1240.0
Maltese rabbit stew (stuffat tal-fenek)                                  ,curry,,
Maltese rabbit stew (stuffat tal-fenek)                                  ,turmeric,spice,849.0
Maltese rabbit stew (stuffat tal-fenek)                                  ,paprika,,
Maltese rabbit stew (stuffat tal-fenek)                                  ,cumin,spice,579.0
Maltese rabbit stew (stuffat tal-fenek)                                  ,chicken,meat,1338.0
Maltese rabbit stew (stuffat tal-fenek)                                  ,potato,vegetable,385.0
Maltese rabbit stew (stuffat tal-fenek)                                  ,pea,vegetable,1088.0
Maltese rabbit stew (stuffat tal-fenek)                                  ,parsley,herb,251.0
Maltese rabbit stew (stuffat tal-fenek)                                  ,olive_oil,plant derivative,998.0
Maltese rabbit stew (stuffat tal-fenek)                                  ,garlic,vegetable,136.0
Maltese rabbit stew (stuffat tal-fenek)                                  ,red_wine,alcoholic beverage,619.0
Maltese rabbit stew (stuffat tal-fenek)                                  ,green_leaves,,
Maltese rabbit stew (stuffat tal-fenek)                                  ,cinnamon,spice,439.0
Maltese rabbit stew (stuffat tal-fenek)                                  ,anise,spice,707.0
Maltese rabbit stew (stuffat tal-fenek)                                  ,clove,spice,1320.0
Bread with oil (hobż biż-żejt)                                  ,vegetable_broth,,
Bread with oil (hobż biż-żejt)                                  ,pizza_dough,,
Bread with oil (hobż biż-żejt)                                  ,tomato,vegetable,1240.0
Bread with oil (hobż biż-żejt)                                  ,red_onion,,
Bread with oil (hobż biż-żejt)                                  ,caper,,
Bread with oil (hobż biż-żejt)                                  ,green_leaves,,
Bread with oil (hobż biż-żejt)                                  ,black_olive,,
Bread with oil (hobż biż-żejt)                                  ,ricotta,,
Bread with oil (hobż biż-żejt)                                  ,olive_oil,plant derivative,998.0
Maltese Easter biscuits (figolli)                                  ,corn_flour,,
Maltese Easter biscuits (figolli)                                  ,icing_sugar,,
Maltese Easter biscuits (figolli)                                  ,Qing_Pi,,
Maltese Easter biscuits (figolli)                                  ,lemon,fruit,1132.0
Maltese Easter biscuits (figolli)                                  ,salted_butter,,
Maltese Easter biscuits (figolli)                                  ,egg,animal product,848.0
Maltese Easter biscuits (figolli)                                  ,orange_blossom,,
Maltese Easter biscuits (figolli)                                  ,marzapane,,
Maltese Easter biscuits (figolli)                                  ,salmon_eggs,,
Maltese Easter biscuits (figolli)                                  ,white_meat,,
Maltese Easter biscuits (figolli)                                  ,icing_sugar,,
Maltese Easter biscuits (figolli)                                  ,black_olive,,
Timpana                                  ,olive_oil,plant derivative,998.0
Timpana                                  ,onion,vegetable,1447.0
Timpana                                  ,garlic,vegetable,136.0
Timpana                                  ,green_leaves,,
Timpana                                  ,bacon,meat,19.0
Timpana                                  ,beef,meat,248.0
Timpana                                  ,pork,meat,417.0
Timpana                                  ,chicken,meat,1338.0
Timpana                                  ,tomato,vegetable,1240.0
Timpana                                  ,tomato,vegetable,1240.0
Timpana                                  ,beef,meat,248.0
Timpana                                  ,nutmeg,spice,1356.0
Timpana                                  ,pasta,,
Timpana                                  ,parmesan,dairy,749.0
Timpana                                  ,egg,animal product,848.0
Timpana                                  ,puff_pastry,,
Timpana                                  ,milk,dairy,396.0
Timpana                                  ,parsley,herb,251.0
Timpana                                  ,schalotte,,
Timpana                                  ,caper,,
Timpana                                  ,lemon,fruit,1132.0
Timpana                                  ,olive_oil,plant derivative,998.0
Broad bean dip (bigilla)                                  ,broad_bean,,
Broad bean dip (bigilla)                                  ,chicken,meat,1338.0
Broad bean dip (bigilla)                                  ,garlic,vegetable,136.0
Broad bean dip (bigilla)                                  ,chilli,,
Broad bean dip (bigilla)                                  ,olive_oil,plant derivative,998.0
Broad bean dip (bigilla)                                  ,lemon,fruit,1132.0
Broad bean dip (bigilla)                                  ,carrot,vegetable,1216.0
"Pears baked with white wine, almonds and armaretto (langas mimli bil-lewz)                                  ",pear,fruit,735.0
"Pears baked with white wine, almonds and armaretto (langas mimli bil-lewz)                                  ",sweet_pepper,,
"Pears baked with white wine, almonds and armaretto (langas mimli bil-lewz)                                  ",almond_milk,,
"Pears baked with white wine, almonds and armaretto (langas mimli bil-lewz)                                  ",sugar,,
"Pears baked with white wine, almonds and armaretto (langas mimli bil-lewz)                                  ",salted_butter,,
"Pears baked with white wine, almonds and armaretto (langas mimli bil-lewz)                                  ",amarena,,
"Pears baked with white wine, almonds and armaretto (langas mimli bil-lewz)                                  ",lemon,fruit,1132.0
"Pears baked with white wine, almonds and armaretto (langas mimli bil-lewz)                                  ",vanilla,spice,1399.0
Apple and fig cake                                   ,apple,fruit,1197.0
Apple and fig cake                                   ,dried_grapes,,
Apple and fig cake                                   ,apple,fruit,1197.0
Apple and fig cake                                   ,lemon,fruit,1132.0
Apple and fig cake                                   ,grated_cheese,,
Apple and fig cake                                   ,egg,animal product,848.0
Apple and fig cake                                   ,olive_oil,plant derivative,998.0
Apple and fig cake                                   ,raisin,fruit,133.0
Apple and fig cake                                   ,cinnamon,spice,439.0
Apple and fig cake                                   ,five_spices,,
Apple and fig cake                                   ,whipped_cream,,
Pork and pea pastizzi                                  ,pork,meat,417.0
Pork and pea pastizzi                                  ,green_pepper,,
Pork and pea pastizzi                                  ,dried_grapes,,
Pork and pea pastizzi                                  ,sea_almonds,,
Pork and pea pastizzi                                  ,clove,spice,1320.0
Pork and pea pastizzi                                  ,anise,spice,707.0
Pork and pea pastizzi                                  ,cinnamon,spice,439.0
Pork and pea pastizzi                                  ,soy_sauce,plant derivative,1183.0
Pork and pea pastizzi                                  ,soy_sauce,plant derivative,1183.0
Pork and pea pastizzi                                  ,brown_sugar,,
Pork and pea pastizzi                                  ,albahaca,,
Pork and pea pastizzi                                  ,garlic,vegetable,136.0
Pork and pea pastizzi                                  ,corn_flour,,
Pork and pea pastizzi                                  ,salt,,
Pork and pea pastizzi                                  ,water,,
Pork and pea pastizzi                                  ,salted_butter,,
Pork and pea pastizzi                                  ,Jie_Mo,,
Pork and pea pastizzi                                  ,mustard,plant derivative,1140.0
Pork and pea pastizzi                                  ,honey,animal product,64.0
Rabbit in tomato and wine sauce with rice                                  ,olive_oil,plant derivative,998.0
Rabbit in tomato and wine sauce with rice                                  ,rabbit,,
Rabbit in tomato and wine sauce with rice                                  ,onion,vegetable,1447.0
Rabbit in tomato and wine sauce with rice                                  ,garlic,vegetable,136.0
Rabbit in tomato and wine sauce with rice                                  ,tomato,vegetable,1240.0
Rabbit in tomato and wine sauce with rice                                  ,white_wine,alcoholic beverage,1428.0
Rabbit in tomato and wine sauce with rice                                  ,rosemary,herb,112.0
Rabbit in tomato and wine sauce with rice                                  ,green_leaves,,
Rabbit in tomato and wine sauce with rice                                  ,olive_oil,plant derivative,998.0
Rabbit in tomato and wine sauce with rice                                  ,carrot,vegetable,1216.0
Rabbit in tomato and wine sauce with rice                                  ,mushroom,vegetable,260.0
Rabbit in tomato and wine sauce with rice                                  ,curry,,
Rabbit in tomato and wine sauce with rice                                  ,rice,cereal/crop,205.0
Peach and almond crumble                                  ,peach,fruit,1133.0
Peach and almond crumble                                  ,apple,fruit,1197.0
Peach and almond crumble                                  ,almond_milk,,
Peach and almond crumble                                  ,rye_flour,cereal/crop,516.0
Peach and almond crumble                                  ,wheat_flour,,
Peach and almond crumble                                  ,olive_oil,plant derivative,998.0
Peach and almond crumble                                  ,sugar,,
Peach and almond crumble                                  ,vanilla,spice,1399.0
Peach and almond crumble                                  ,Qing_Pi,,
Peach and almond crumble                                  ,joghurt,,
Christmas chocolate salami (romblu tal-milied bic-cikkulata)                                  ,date,fruit,483.0
Christmas chocolate salami (romblu tal-milied bic-cikkulata)                                  ,concentrated_milk,,
Christmas chocolate salami (romblu tal-milied bic-cikkulata)                                  ,whiskey,alcoholic beverage,361.0
Christmas chocolate salami (romblu tal-milied bic-cikkulata)                                  ,biscuit,,
Christmas chocolate salami (romblu tal-milied bic-cikkulata)                                  ,hazelnut,nut/seed/pulse,152.0
Christmas chocolate salami (romblu tal-milied bic-cikkulata)                                  ,apricot,fruit,1120.0
Christmas chocolate salami (romblu tal-milied bic-cikkulata)                                  ,chocolate,,
Christmas chocolate salami (romblu tal-milied bic-cikkulata)                                  ,icing_sugar,,
Pumpkin and rice pie                                  ,corn_flour,,
Pumpkin and rice pie                                  ,olive_oil,plant derivative,998.0
Pumpkin and rice pie                                  ,water,,
Pumpkin and rice pie                                  ,pumpkin,vegetable,575.0
Pumpkin and rice pie                                  ,water,,
Pumpkin and rice pie                                  ,rice,cereal/crop,205.0
Pumpkin and rice pie                                  ,olive_oil,plant derivative,998.0
Pumpkin and rice pie                                  ,red_onion,,
Pumpkin and rice pie                                  ,black_olive,,
Pumpkin and rice pie                                  ,fresh_cheese,,
Pumpkin and rice pie                                  ,anchovy,,
Pumpkin and rice pie                                  ,tuna,fish/seafood,296.0
Grilled garfish with roasted potatoes (imsell mixwi)                                  ,potato,vegetable,385.0
Grilled garfish with roasted potatoes (imsell mixwi)                                  ,olive_oil,plant derivative,998.0
Grilled garfish with roasted potatoes (imsell mixwi)                                  ,oregano,herb,1382.0
Grilled garfish with roasted potatoes (imsell mixwi)                                  ,fish,fish/seafood,878.0
Grilled garfish with roasted potatoes (imsell mixwi)                                  ,lemon,fruit,1132.0
Grilled garfish with roasted potatoes (imsell mixwi)                                  ,olive_oil,plant derivative,998.0
Grilled garfish with roasted potatoes (imsell mixwi)                                  ,garlic,vegetable,136.0
Grilled garfish with roasted potatoes (imsell mixwi)                                  ,parsley,herb,251.0
Traditional Maltese Christmas honey rings                                  ,corn_flour,,
Traditional Maltese Christmas honey rings                                  ,semolina,,
Traditional Maltese Christmas honey rings                                  ,margarine,,
Traditional Maltese Christmas honey rings                                  ,orange,fruit,1257.0
Traditional Maltese Christmas honey rings                                  ,raclette,,
Traditional Maltese Christmas honey rings                                  ,orange,fruit,1257.0
Traditional Maltese Christmas honey rings                                  ,lemon,fruit,1132.0
Traditional Maltese Christmas honey rings                                  ,mandarin,fruit,590.0
Traditional Maltese Christmas honey rings                                  ,clove,spice,1320.0
Traditional Maltese Christmas honey rings                                  ,five_spices,,
Traditional Maltese Christmas honey rings                                  ,anise,spice,707.0
Traditional Maltese Christmas honey rings                                  ,water,,
Traditional Maltese Christmas honey rings                                  ,semolina,,
"Sugarless cake with apricots, dates and almonds                                  ",apricot,fruit,1120.0
"Sugarless cake with apricots, dates and almonds                                  ",date,fruit,483.0
"Sugarless cake with apricots, dates and almonds                                  ",raisin,fruit,133.0
"Sugarless cake with apricots, dates and almonds                                  ",almond_milk,,
"Sugarless cake with apricots, dates and almonds                                  ",lemon,fruit,1132.0
"Sugarless cake with apricots, dates and almonds                                  ",apple,fruit,1197.0
"Sugarless cake with apricots, dates and almonds                                  ",vanilla,spice,1399.0
Chicken rissoles                                   ,wholemeal_bread,,
Chicken rissoles                                   ,milk,dairy,396.0
Chicken rissoles                                   ,chicken,meat,1338.0
Chicken rissoles                                   ,aromatic_herbs,,
Chicken rissoles                                   ,garlic,vegetable,136.0
Chicken rissoles                                   ,egg,animal product,848.0
Chicken rissoles                                   ,chicken,meat,1338.0
Chicken rissoles                                   ,tomato,vegetable,1240.0
Chicken rissoles                                   ,tomato,vegetable,1240.0
Chicken rissoles                                   ,green_leaves,,
Chicken rissoles                                   ,rice,cereal/crop,205.0
Chicken rissoles                                   ,parsley,herb,251.0
Caponata                                  ,onion,vegetable,1447.0
Caponata                                  ,olive_oil,plant derivative,998.0
Caponata                                  ,tomato,vegetable,1240.0
Caponata                                  ,eggplant,,
Caponata                                  ,celery_salt,,
Caponata                                  ,olive,fruit,466.0
Caponata                                  ,caper,,
Caponata                                  ,tomato,vegetable,1240.0
Caponata                                  ,water,,
Stuffed artichokes                                  ,artichoke,vegetable,1251.0
Stuffed artichokes                                  ,lemon,fruit,1132.0
Stuffed artichokes                                  ,garlic,vegetable,136.0
Stuffed artichokes                                  ,parsley,herb,251.0
Stuffed artichokes                                  ,black_olive,,
Stuffed artichokes                                  ,anchovy,,
Stuffed artichokes                                  ,tuna,fish/seafood,296.0
Stuffed artichokes                                  ,olive_oil,plant derivative,998.0
Lenten biscuits (kwarezimal)                                  ,corn_flour,,
Lenten biscuits (kwarezimal)                                  ,olive_oil,plant derivative,998.0
Lenten biscuits (kwarezimal)                                  ,sea_almonds,,
Lenten biscuits (kwarezimal)                                  ,sugar,,
Lenten biscuits (kwarezimal)                                  ,cocoa,plant derivative,1488.0
Lenten biscuits (kwarezimal)                                  ,five_spices,,
Lenten biscuits (kwarezimal)                                  ,cinnamon,spice,439.0
Lenten biscuits (kwarezimal)                                  ,clove,spice,1320.0
Lenten biscuits (kwarezimal)                                  ,water,,
Lenten biscuits (kwarezimal)                                  ,lemon,fruit,1132.0
Lenten biscuits (kwarezimal)                                  ,orange,fruit,1257.0
Lenten biscuits (kwarezimal)                                  ,water,,
Lenten biscuits (kwarezimal)                                  ,honey,animal product,64.0
Lenten biscuits (kwarezimal)                                  ,sea_almonds,,
Sweet chestnut soup                                  ,chestnut,,
Sweet chestnut soup                                  ,cocoa,plant derivative,1488.0
Sweet chestnut soup                                  ,sugar,,
Sweet chestnut soup                                  ,mandarin,fruit,590.0
Sweet chestnut soup                                  ,five_spices,,
Sweet chestnut soup                                  ,clove,spice,1320.0
Sweet chestnut soup                                  ,water,,
Maltese traditional biscuit with sesame seeds                                  ,corn_flour,,
Maltese traditional biscuit with sesame seeds                                  ,Qing_Pi,,
Maltese traditional biscuit with sesame seeds                                  ,clove,spice,1320.0
Maltese traditional biscuit with sesame seeds                                  ,anise,spice,707.0
Maltese traditional biscuit with sesame seeds                                  ,olive_oil,plant derivative,998.0
Maltese traditional biscuit with sesame seeds                                  ,sugar,,
Maltese traditional biscuit with sesame seeds                                  ,lemon,fruit,1132.0
Maltese traditional biscuit with sesame seeds                                  ,egg,animal product,848.0
Maltese traditional biscuit with sesame seeds                                  ,water,,
Maltese traditional biscuit with sesame seeds                                  ,sesame,,
Bread and butter pudding (puddina)                                  ,bread,cereal/crop,105.0
Bread and butter pudding (puddina)                                  ,sugar,,
Bread and butter pudding (puddina)                                  ,mustard,plant derivative,1140.0
Bread and butter pudding (puddina)                                  ,flour,,
Bread and butter pudding (puddina)                                  ,cocoa,plant derivative,1488.0
Bread and butter pudding (puddina)                                  ,egg,animal product,848.0
Bread and butter pudding (puddina)                                  ,dried_grapes,,
Bread and butter pudding (puddina)                                  ,almond,nut/seed/pulse,18.0
Bread and butter pudding (puddina)                                  ,berries,,
Bread and butter pudding (puddina)                                  ,vanilla,spice,1399.0
Bread and butter pudding (puddina)                                  ,whisky,,
Food Safari's timpana                                  ,butter,dairy,298.0
Food Safari's timpana                                  ,onion,vegetable,1447.0
Food Safari's timpana                                  ,garlic,vegetable,136.0
Food Safari's timpana                                  ,bacon,meat,19.0
Food Safari's timpana                                  ,pork,meat,417.0
Food Safari's timpana                                  ,beef,meat,248.0
Food Safari's timpana                                  ,chicken,meat,1338.0
Food Safari's timpana                                  ,chicken,meat,1338.0
Food Safari's timpana                                  ,tomato,vegetable,1240.0
Food Safari's timpana                                  ,tomato,vegetable,1240.0
Food Safari's timpana                                  ,macaroni,cereal/crop,638.0
Food Safari's timpana                                  ,parmesan,dairy,749.0
Food Safari's timpana                                  ,blue_cheese,dairy,994.0
Food Safari's timpana                                  ,egg,animal product,848.0
Food Safari's timpana                                  ,pepper,spice,1471.0
Food Safari's timpana                                  ,puff_pastry,,
Food Safari's timpana                                  ,egg,animal product,848.0
Food Safari's timpana                                  ,milk,dairy,396.0
Beef olives (bragioli)                                  ,olive_oil,plant derivative,998.0
Beef olives (bragioli)                                  ,onion,vegetable,1447.0
Beef olives (bragioli)                                  ,garlic,vegetable,136.0
Beef olives (bragioli)                                  ,tomato,vegetable,1240.0
Beef olives (bragioli)                                  ,parsley,herb,251.0
Beef olives (bragioli)                                  ,green_leaves,,
Beef olives (bragioli)                                  ,green_leaves,,
Beef olives (bragioli)                                  ,red_wine,alcoholic beverage,619.0
Beef olives (bragioli)                                  ,water,,
Beef olives (bragioli)                                  ,pepper,spice,1471.0
Beef olives (bragioli)                                  ,steak,,
Beef olives (bragioli)                                  ,veal,meat,652.0
Beef olives (bragioli)                                  ,bacon,meat,19.0
Beef olives (bragioli)                                  ,garlic,vegetable,136.0
Beef olives (bragioli)                                  ,parsley,herb,251.0
Beef olives (bragioli)                                  ,oregano,herb,1382.0
Beef olives (bragioli)                                  ,onion,vegetable,1447.0
Beef olives (bragioli)                                  ,grated_cheese,,
Beef olives (bragioli)                                  ,egg,animal product,848.0
Beef olives (bragioli)                                  ,pepper,spice,1471.0
Braised potatoes with Maltese sausage                                  ,olive_oil,plant derivative,998.0
Braised potatoes with Maltese sausage                                  ,shallots,,
Braised potatoes with Maltese sausage                                  ,garlic,vegetable,136.0
Braised potatoes with Maltese sausage                                  ,thyme,herb,675.0
Braised potatoes with Maltese sausage                                  ,white_pepper,,
Braised potatoes with Maltese sausage                                  ,green_leaves,,
Braised potatoes with Maltese sausage                                  ,sherry_vinegar,,
Braised potatoes with Maltese sausage                                  ,porto,,
Braised potatoes with Maltese sausage                                  ,white_wine,alcoholic beverage,1428.0
Braised potatoes with Maltese sausage                                  ,chicken,meat,1338.0
Braised potatoes with Maltese sausage                                  ,potato,vegetable,385.0
Braised potatoes with Maltese sausage                                  ,sausage,,
Braised potatoes with Maltese sausage                                  ,rocket,,
Braised potatoes with Maltese sausage                                  ,olive_oil,plant derivative,998.0
Braised potatoes with Maltese sausage                                  ,shallots,,
Braised potatoes with Maltese sausage                                  ,garlic,vegetable,136.0
Braised potatoes with Maltese sausage                                  ,green_leaves,,
Braised potatoes with Maltese sausage                                  ,thyme,herb,675.0
Braised potatoes with Maltese sausage                                  ,porto,,
Braised potatoes with Maltese sausage                                  ,bran,,
Braised potatoes with Maltese sausage                                  ,sherry_vinegar,,
Braised potatoes with Maltese sausage                                  ,truffle_oil,,
Braised potatoes with Maltese sausage                                  ,truffle,vegetable,1469.0
Rabbit stew (stuffat tal-fenek)                                  ,rabbit,,
Rabbit stew (stuffat tal-fenek)                                  ,red_wine,alcoholic beverage,619.0
Rabbit stew (stuffat tal-fenek)                                  ,green_leaves,,
Rabbit stew (stuffat tal-fenek)                                  ,garlic,vegetable,136.0
Rabbit stew (stuffat tal-fenek)                                  ,olive_oil,plant derivative,998.0
Rabbit stew (stuffat tal-fenek)                                  ,pepper,spice,1471.0
Rabbit stew (stuffat tal-fenek)                                  ,onion,vegetable,1447.0
Rabbit stew (stuffat tal-fenek)                                  ,tomato,vegetable,1240.0
Rabbit stew (stuffat tal-fenek)                                  ,tomato,vegetable,1240.0
Rabbit stew (stuffat tal-fenek)                                  ,water,,
Rabbit stew (stuffat tal-fenek)                                  ,potato,vegetable,385.0
Open sandwich (hobz biz-zejt)                                  ,herbs_of_provence,,
Open sandwich (hobz biz-zejt)                                  ,erva_doce,,
Open sandwich (hobz biz-zejt)                                  ,caper,,
Open sandwich (hobz biz-zejt)                                  ,anchova,,
Open sandwich (hobz biz-zejt)                                  ,pepper,spice,1471.0
Open sandwich (hobz biz-zejt)                                  ,parsley,herb,251.0
Open sandwich (hobz biz-zejt)                                  ,olive_oil,plant derivative,998.0
